season,week,team,opponent_team,season_type,completions,attempts,passing_yards,passing_tds,passing_interceptions,sacks_suffered,passing_first_downs,passing_epa,carries,rushing_yards,rushing_tds,rushing_fumbles_lost,rushing_first_downs,rushing_epa,def_sacks,def_qb_hits,def_interceptions,def_pass_defended,def_fumbles_forced,def_tds,fg_made,fg_att,fg_long,pat_made,pat_att,penalties,penalty_yards,team_score,opponent_score,injury_impact_score,noteworthy_injuries_count
2025,1,ARI,NO,REG,21,29,163,2,0,5,11,1.5247993258601382,27,146,0,0,6,1.1585398027950686,1.0,2,0,10,0,0,2,3,50.0,2,2,9,54,20.0,13.0,21.0,4.0
2025,1,ATL,TB,REG,27,42,298,1,0,1,16,9.624095207309598,28,69,1,0,6,-5.7664944543503225,1.0,3,0,7,0,0,2,3,41.0,2,2,8,55,20.0,23.0,28.5,6.0
2025,1,BAL,BUF,REG,14,19,209,2,0,2,8,8.798420577786704,29,238,3,1,10,10.486514349619986,1.0,3,0,4,1,0,2,2,52.0,4,5,7,51,40.0,41.0,21.0,4.0
2025,1,BUF,BAL,REG,33,46,394,2,0,1,19,14.233714385272462,31,108,3,0,9,1.9875707046617141,2.0,4,0,1,2,0,3,3,43.0,2,2,5,38,41.0,40.0,21.0,6.0
2025,1,CAR,JAX,REG,18,35,154,1,2,1,8,-15.40268957134174,25,113,0,1,5,0.019907066074665636,0.0,1,1,4,0,0,1,1,48.0,1,1,4,35,10.0,26.0,13.5,2.0
2025,1,CHI,MIN,REG,21,35,210,1,0,2,10,-6.988247807139811,26,119,1,0,7,2.5311888938449556,3.0,5,1,5,0,1,1,2,42.0,3,3,12,127,24.0,27.0,18.5,5.0
2025,1,CIN,CLE,REG,14,23,113,1,0,3,7,-0.3315927372285721,23,46,1,0,3,-5.00294650052092,2.0,5,2,6,0,0,1,1,35.0,2,2,7,33,17.0,16.0,18.0,5.0
2025,1,CLE,CIN,REG,31,45,290,1,2,2,13,-1.8421275162300694,24,49,1,0,5,-1.7932241758680902,3.0,7,0,5,0,0,1,2,45.0,1,2,7,53,16.0,17.0,21.5,6.0
2025,1,DAL,PHI,REG,21,34,188,0,0,0,9,1.6543752712656965,22,119,2,1,8,0.7568821354070678,1.0,5,0,0,0,0,2,2,53.0,2,2,4,42,20.0,24.0,15.0,4.0
2025,1,DEN,TEN,REG,25,40,176,1,2,1,9,-7.6557667409744266,30,151,1,0,5,-4.498567477625329,6.0,14,0,4,2,0,2,2,39.0,2,2,6,45,20.0,12.0,3.5,1.0
2025,1,DET,GB,REG,31,39,225,1,1,4,13,1.3743778578947285,22,46,0,0,2,-5.360156191396527,0.0,2,0,1,0,0,2,2,30.0,1,1,7,40,13.0,27.0,15.0,4.0
2025,1,GB,DET,REG,16,22,188,2,0,0,8,10.06529425203067,25,78,1,0,4,-2.4207472687050577,4.0,9,1,2,0,0,2,2,38.0,3,3,4,40,27.0,13.0,15.0,4.0
2025,1,HOU,LA,REG,19,27,188,0,1,3,7,-4.065033344958763,27,114,0,0,8,1.0518964720943282,3.0,6,0,1,1,0,3,3,53.0,0,0,11,80,9.0,14.0,3.5,1.0
2025,1,IND,MIA,REG,22,29,272,1,0,1,14,12.997713351082982,40,156,2,0,11,5.522064567154631,3.0,6,2,5,1,0,4,4,48.0,3,3,4,45,33.0,8.0,11.5,3.0
2025,1,JAX,CAR,REG,19,31,178,1,1,0,9,1.3131129483738126,32,200,1,0,11,6.58218051100444,1.0,5,2,9,1,0,4,4,47.0,2,2,11,93,26.0,10.0,13.5,4.0
2025,1,KC,LAC,REG,24,39,258,1,0,2,9,3.4485526789862906,17,98,1,0,8,8.906440938299056,3.0,4,0,2,1,0,3,3,59.0,0,1,10,71,21.0,27.0,3.5,1.0
2025,1,LA,HOU,REG,21,29,245,1,0,3,13,6.090108856966253,25,72,1,0,4,-6.282822540670168,3.0,7,1,4,1,0,0,0,,2,2,7,60,14.0,9.0,0.0,0.0
2025,1,LAC,KC,REG,25,34,318,3,0,3,16,17.567262160454625,25,90,0,0,6,-0.23139648232954402,2.0,8,0,4,0,0,2,2,39.0,3,3,6,49,27.0,21.0,15.0,4.0
2025,1,LV,NE,REG,24,34,362,1,1,4,17,14.945327814546477,24,56,1,0,3,-7.367797683403163,4.0,9,1,4,1,0,2,3,51.0,2,2,9,77,20.0,13.0,21.5,6.0
2025,1,MIA,IND,REG,19,31,146,1,2,3,9,-16.14256922087213,12,78,0,0,3,4.07183802803047,1.0,2,0,4,0,0,0,0,,0,0,3,15,8.0,33.0,10.5,3.0
2025,1,MIN,CHI,REG,13,20,143,2,1,3,5,-9.816290898994502,26,120,1,0,6,0.7950888272025622,2.0,3,0,3,1,0,2,2,59.0,1,1,8,50,27.0,24.0,17.5,3.0
2025,1,NE,LV,REG,30,46,287,1,1,4,15,-0.32563244291394744,18,60,0,0,2,-4.167519669630565,4.0,9,1,5,0,0,2,3,44.0,1,1,8,70,13.0,20.0,14.0,4.0
2025,1,NO,ARI,REG,27,46,214,0,0,1,12,-3.9408611252955135,22,107,1,0,5,0.8023695741139818,5.0,5,0,5,0,0,2,3,36.0,1,1,13,89,13.0,20.0,21.5,6.0
2025,1,NYG,WAS,REG,17,37,168,0,0,2,9,-11.39383654077999,23,74,0,0,4,-3.555864180030767,3.0,5,0,3,0,0,2,2,55.0,0,0,6,35,6.0,21.0,25.0,7.0
2025,1,NYJ,PIT,REG,16,22,218,1,0,1,9,10.05393822364579,39,182,3,0,13,3.5124690002818104,4.0,7,0,4,2,0,2,2,51.0,2,2,7,74,32.0,34.0,28.0,6.0
2025,1,PHI,DAL,REG,19,23,152,0,0,1,6,1.5907520360172063,38,158,3,0,14,6.04487540962873,0.0,1,0,6,1,0,1,1,58.0,3,3,9,110,24.0,20.0,17.5,5.0
2025,1,PIT,NYJ,REG,22,30,244,4,0,4,14,10.20475524963341,20,53,0,0,2,-3.0508692141156644,1.0,6,0,4,1,0,2,2,60.0,4,4,4,26,34.0,32.0,17.0,3.0
2025,1,SEA,SF,REG,16,23,150,0,0,1,7,-6.831034911036733,26,84,1,0,6,-2.973436875258346,1.0,8,2,4,0,0,2,2,48.0,1,1,4,30,13.0,17.0,18.0,5.0
2025,1,SF,SEA,REG,26,35,277,2,2,1,15,13.329884157278123,36,119,0,0,7,-5.458840667270124,1.0,2,0,3,2,0,1,3,32.0,2,2,9,61,17.0,13.0,28.5,6.0
2025,1,TB,ATL,REG,17,32,167,3,0,1,10,5.766234403595268,23,101,0,0,6,0.5059995500487275,1.0,4,0,6,0,0,1,2,48.0,2,3,5,60,23.0,20.0,21.0,4.0
2025,1,TEN,DEN,REG,12,28,112,0,0,6,5,-13.389458418787804,21,71,0,1,2,-9.17674626053992,1.0,5,2,5,1,0,4,4,50.0,0,0,13,131,12.0,20.0,23.0,7.0
2025,1,WAS,NYG,REG,19,30,233,1,0,3,11,1.364757596165873,32,220,2,0,11,7.834049331839196,2.0,8,0,7,1,0,0,0,,3,3,12,89,21.0,6.0,0.0,0.0
2025,2,ARI,CAR,REG,17,25,220,1,1,1,10,6.139767758614543,22,82,1,0,5,-0.17023573273456716,3.0,10,1,9,1,0,2,2,47.0,3,3,12,96,27.0,22.0,21.0,4.0
2025,2,ATL,MIN,REG,13,21,135,0,0,3,5,-3.2441715903873147,39,218,1,0,12,6.12384862778179,6.0,11,2,4,1,0,5,5,54.0,1,1,5,29,22.0,6.0,28.5,6.0
2025,2,BAL,CLE,REG,19,29,225,4,0,3,10,9.342703126255497,21,45,0,0,2,-3.0972603702684864,2.0,9,1,5,1,0,2,2,43.0,5,5,6,28,41.0,17.0,21.0,4.0
2025,2,BUF,NYJ,REG,15,27,180,0,0,1,9,0.27227155733545283,43,224,3,0,12,9.725426063800747,4.0,7,0,4,3,0,3,3,52.0,3,3,6,69,30.0,10.0,21.0,6.0
2025,2,CAR,ARI,REG,35,55,328,3,1,3,19,3.2342329092731377,19,49,0,0,4,-4.658607418095693,1.0,4,1,5,0,0,1,1,27.0,1,1,7,83,22.0,27.0,13.5,2.0
2025,2,CHI,DET,REG,21,33,234,2,1,4,11,-0.06921279421658255,27,134,1,1,8,-10.55241193177062,0.0,4,0,0,0,0,0,0,,3,3,8,50,21.0,52.0,18.5,5.0
2025,2,CIN,JAX,REG,28,45,317,3,3,3,17,-1.8282178881594828,17,48,1,0,5,1.3624283743847627,1.0,4,2,8,0,0,1,1,31.0,4,4,3,29,31.0,27.0,18.0,5.0
2025,2,CLE,BAL,REG,28,48,218,2,1,2,10,-23.316518904513376,22,115,0,0,7,4.384331928042229,3.0,5,0,5,1,0,1,1,38.0,2,2,6,42,17.0,41.0,21.5,6.0
2025,2,DAL,NYG,REG,38,52,361,2,1,3,18,10.098487662582055,28,135,2,0,9,0.9983154268064145,2.0,6,1,2,0,0,4,4,64.0,4,4,12,106,40.0,37.0,15.0,4.0
2025,2,DEN,IND,REG,22,30,206,3,1,0,11,8.345343489918493,24,118,1,0,7,2.0129898277227767,1.0,6,0,5,0,0,0,1,,4,4,8,83,28.0,29.0,3.5,1.0
2025,2,DET,CHI,REG,23,28,334,5,0,0,15,24.103420304085986,30,177,2,0,10,-0.35298650549658195,4.0,4,1,5,1,0,1,2,34.0,7,7,3,28,52.0,21.0,15.0,4.0
2025,2,GB,WAS,REG,19,31,292,2,0,2,14,6.662380209949733,30,135,1,0,6,1.2424638609575576,4.0,12,0,8,0,0,2,3,56.0,3,3,10,77,27.0,18.0,15.0,4.0
2025,2,HOU,TB,REG,13,24,207,1,0,3,7,-4.481482616525894,19,84,1,0,3,1.4734649395104498,4.0,6,0,3,1,0,2,2,53.0,1,1,6,45,19.0,20.0,3.5,1.0
2025,2,IND,DEN,REG,23,34,316,1,0,1,16,10.95338626059685,32,167,1,0,6,-0.8950309250502064,0.0,0,1,4,0,0,5,5,45.0,2,2,11,68,29.0,28.0,11.5,3.0
2025,2,JAX,CIN,REG,24,42,271,3,2,1,15,5.005488552057198,27,139,0,0,6,1.5001768789282717,3.0,9,3,12,0,0,2,2,42.0,3,3,6,55,27.0,31.0,13.5,4.0
2025,2,KC,PHI,REG,16,29,187,1,1,2,7,-7.1535654113225045,26,121,1,0,9,-0.55819323484677,1.0,3,0,4,0,0,1,2,56.0,2,2,6,45,17.0,20.0,3.5,1.0
2025,2,LA,TEN,REG,23,33,298,2,1,1,12,9.779970589626963,25,149,2,0,8,6.441171789570944,5.0,8,0,4,1,0,2,2,21.0,3,4,4,29,33.0,19.0,0.0,0.0
2025,2,LAC,LV,REG,19,27,242,2,0,2,8,10.168125412291895,26,81,0,1,8,-15.545511525741837,3.0,5,3,15,0,0,2,2,38.0,2,2,6,33,20.0,9.0,15.0,4.0
2025,2,LV,LAC,REG,24,43,180,0,3,3,8,-23.067928140179568,19,68,0,0,5,-2.4044838724657893,2.0,3,0,6,0,0,3,3,54.0,0,0,5,47,9.0,20.0,21.5,6.0
2025,2,MIA,NE,REG,26,32,315,2,1,5,15,9.932129502697004,15,61,0,0,1,-1.0982281458564103,3.0,3,0,2,0,0,2,2,44.0,3,3,10,65,27.0,33.0,10.5,3.0
2025,2,MIN,ATL,REG,11,21,158,0,2,6,7,-17.96655729044881,19,78,0,0,4,-2.743778312113136,3.0,5,0,1,1,0,2,2,51.0,0,0,8,50,6.0,22.0,17.5,3.0
2025,2,NE,MIA,REG,19,23,230,2,0,3,9,14.990500148140681,29,122,1,0,9,3.2374252289738505,5.0,5,1,2,0,0,2,2,53.0,1,3,12,75,33.0,27.0,14.0,4.0
2025,2,NO,SF,REG,25,34,207,3,0,3,12,-2.823341653949246,30,121,0,0,6,2.2594495065277442,3.0,6,0,6,1,0,0,1,,3,3,7,45,21.0,26.0,21.5,6.0
2025,2,NYG,DAL,REG,30,41,450,3,1,3,15,17.073441614049575,21,84,1,0,7,-2.6640637270756997,3.0,7,1,9,0,0,3,3,38.0,4,4,14,160,37.0,40.0,25.0,7.0
2025,2,NYJ,BUF,REG,10,22,83,1,0,4,5,-4.127607465197798,21,100,0,1,5,-9.752684976267638,1.0,2,0,6,1,0,1,1,51.0,1,1,5,35,10.0,30.0,28.0,6.0
2025,2,PHI,KC,REG,15,22,101,0,0,2,4,-4.85998605615568,34,122,2,0,9,2.4358081016107462,2.0,10,1,4,1,0,2,2,58.0,2,2,6,48,20.0,17.0,17.5,5.0
2025,2,PIT,SEA,REG,20,35,215,1,2,3,6,-7.798906615701059,21,72,0,0,6,-4.128408530410377,2.0,8,2,6,0,0,3,3,48.0,0,0,2,15,17.0,31.0,17.0,3.0
2025,2,SEA,PIT,REG,22,33,295,2,2,2,13,2.854062096416647,29,117,1,0,8,1.8983401061268523,3.0,8,2,5,0,0,1,2,54.0,4,4,2,10,31.0,17.0,18.0,5.0
2025,2,SF,NO,REG,26,39,279,3,0,3,15,2.688142357473266,26,77,0,0,6,-3.4588275047717616,3.0,5,0,3,2,0,2,2,46.0,2,3,5,40,26.0,21.0,28.5,6.0
2025,2,TB,HOU,REG,25,38,215,2,0,4,12,-0.643385174034916,30,169,1,0,9,10.471795816905797,3.0,6,0,2,0,0,0,1,,2,2,7,45,20.0,19.0,21.0,4.0
2025,2,TEN,LA,REG,19,33,175,1,0,5,10,-6.7339741762074565,26,109,0,0,7,-1.183518824098611,1.0,6,1,4,0,0,4,4,57.0,1,1,10,62,19.0,33.0,23.0,7.0
2025,2,WAS,GB,REG,24,42,200,2,0,4,10,-9.158630191520102,19,51,0,0,3,-2.615707643679343,2.0,4,0,3,0,0,1,3,51.0,1,1,5,30,18.0,27.0,0.0,0.0
2025,3,ARI,SF,REG,22,35,159,1,0,1,8,-0.6186131590061501,28,106,0,0,7,-0.08796402605366893,1.0,8,1,4,0,0,2,3,34.0,1,1,5,30,15.0,16.0,21.0,4.0
2025,3,ATL,CAR,REG,23,43,201,0,2,0,11,-21.848133884173095,23,131,0,1,6,-0.5324786291457713,1.0,3,0,2,0,0,0,2,,0,0,3,23,0.0,30.0,28.5,6.0
2025,3,BAL,DET,REG,21,28,288,3,0,7,14,10.563762240672784,19,85,1,1,4,-6.811250479891896,0.0,6,0,1,0,0,1,1,41.0,3,3,3,10,30.0,38.0,21.0,4.0
2025,3,BUF,MIA,REG,22,28,213,3,0,2,12,10.64952215948613,27,157,1,0,9,5.155296267549694,0.0,1,1,3,0,0,1,2,48.0,4,4,3,35,31.0,21.0,21.0,6.0
2025,3,CAR,ATL,REG,16,24,121,0,0,1,7,-2.4837949486153077,30,110,2,0,8,2.0001413919962943,0.0,2,2,3,1,1,3,3,57.0,3,3,6,55,30.0,0.0,13.5,2.0
2025,3,CHI,DAL,REG,19,28,298,4,0,0,11,17.979574728623284,29,87,0,0,7,-1.3850439606467262,2.0,7,3,6,1,0,1,1,30.0,4,4,6,41,31.0,14.0,18.5,5.0
2025,3,CIN,MIN,REG,19,27,140,1,2,4,6,-19.309545476528342,21,53,0,1,3,-7.13378103642026,3.0,5,0,1,1,0,1,1,45.0,1,1,4,45,10.0,48.0,18.0,5.0
2025,3,CLE,GB,REG,21,36,142,0,1,2,7,-8.7097985782642,19,96,1,0,5,0.6838430766802048,5.0,7,1,2,1,0,2,2,55.0,1,1,8,90,13.0,10.0,21.5,6.0
2025,3,DAL,CHI,REG,34,45,292,1,3,2,14,-2.622585613511912,20,121,0,1,6,-0.0649206715170294,0.0,1,0,3,0,0,2,2,53.0,0,0,4,25,14.0,31.0,15.0,4.0
2025,3,DEN,LAC,REG,14,25,153,1,0,2,5,-1.5255322747893847,21,118,1,0,3,-0.6456146537093446,5.0,14,1,7,2,0,2,2,42.0,2,2,10,90,20.0,23.0,3.5,1.0
2025,3,DET,BAL,REG,20,28,202,1,0,0,11,14.249866356456977,38,224,4,0,13,9.481793925893726,7.0,7,0,2,2,0,1,2,45.0,5,5,8,68,38.0,30.0,15.0,4.0
2025,3,GB,CLE,REG,18,25,183,1,1,5,8,-0.9422872209794448,31,81,0,0,4,-3.799871798521092,2.0,10,1,3,0,0,1,2,39.0,1,1,14,75,10.0,13.0,15.0,4.0
2025,3,HOU,JAX,REG,25,38,204,1,2,2,8,-4.190346033706602,19,87,0,0,3,-3.3823644383228384,2.0,5,1,7,0,0,1,2,27.0,1,1,7,66,10.0,17.0,3.5,1.0
2025,3,IND,TEN,REG,18,25,228,1,0,0,10,10.818640147236174,28,137,3,0,9,4.743311626029598,4.0,7,1,4,0,1,2,3,36.0,5,5,4,23,41.0,20.0,11.5,3.0
2025,3,JAX,HOU,REG,20,40,222,0,1,2,10,-9.546405788773784,24,86,2,0,5,-1.065763392224918,2.0,6,2,6,1,0,1,2,39.0,2,2,9,70,17.0,10.0,13.5,4.0
2025,3,KC,NYG,REG,22,37,224,1,0,2,13,8.23080711069923,28,105,1,0,6,0.2622928078926634,2.0,9,2,6,0,0,3,4,54.0,1,2,8,85,22.0,9.0,3.5,1.0
2025,3,LA,PHI,REG,19,34,196,2,1,1,10,-2.479092506006727,31,160,0,0,12,0.2149729178819637,4.0,4,0,6,1,0,4,6,51.0,2,2,4,41,26.0,33.0,0.0,0.0
2025,3,LAC,DEN,REG,28,47,300,1,1,5,17,-2.3949824955743924,28,106,1,0,6,-0.69660783782447,2.0,4,0,3,0,0,3,3,43.0,2,2,3,25,23.0,20.0,15.0,4.0
2025,3,LV,WAS,REG,19,29,289,3,0,5,12,12.24070766654052,28,93,0,0,5,-9.361083445328287,1.0,3,0,2,1,0,1,1,37.0,1,1,6,54,24.0,41.0,21.5,6.0
2025,3,MIA,BUF,REG,22,34,146,2,1,0,11,0.14744083787081763,25,130,1,0,9,3.01154395902995,2.0,2,0,3,0,0,0,0,,3,3,6,57,21.0,31.0,10.5,3.0
2025,3,MIN,CIN,REG,16,24,202,2,0,3,10,5.620568110327859,31,169,2,0,11,1.4008431592956185,4.0,9,2,5,5,1,2,2,62.0,6,6,13,105,48.0,10.0,17.5,3.0
2025,3,NE,PIT,REG,28,37,268,2,1,5,13,1.4129189930099528,29,119,0,3,10,-12.592828947701491,0.0,3,1,1,1,0,0,0,,2,2,7,54,14.0,21.0,14.0,4.0
2025,3,NO,SEA,REG,28,41,218,1,1,2,12,-0.3314016877513537,27,79,0,0,4,-8.009121739596594,0.0,2,0,2,1,0,2,3,27.0,1,1,11,77,13.0,44.0,21.5,6.0
2025,3,NYG,KC,REG,18,32,160,0,2,2,7,-14.818524984584656,27,130,1,0,8,-0.422504970704646,1.0,7,0,6,1,0,1,1,25.0,0,1,7,82,9.0,22.0,25.0,7.0
2025,3,NYJ,TB,REG,26,36,197,2,1,4,13,-7.886901567328738,23,99,0,0,5,-3.53839694254566,1.0,2,0,2,1,0,2,2,42.0,3,3,7,81,27.0,29.0,28.0,6.0
2025,3,PHI,LA,REG,21,32,226,3,0,4,9,-0.21159855952998619,27,86,1,0,8,1.259862583305221,1.0,7,1,4,0,0,0,0,,3,3,5,50,33.0,26.0,17.5,5.0
2025,3,PIT,NE,REG,16,23,139,2,1,0,6,0.19340494932839647,26,64,1,0,7,-2.5897415331273805,5.0,8,1,5,4,0,0,0,,3,3,8,59,21.0,14.0,17.0,3.0
2025,3,SEA,NO,REG,16,21,233,2,0,0,11,16.074012299435225,33,87,2,1,7,-8.591331416158937,2.0,8,1,7,0,0,3,3,56.0,5,5,8,70,44.0,13.0,18.0,5.0
2025,3,SF,ARI,REG,27,41,284,1,1,1,14,1.5022151318471164,20,73,0,0,6,-4.746350501456151,1.0,4,0,5,1,0,3,3,51.0,1,1,5,69,16.0,15.0,28.5,6.0
2025,3,TB,NYJ,REG,19,29,233,1,0,1,12,8.269022356935064,34,122,0,0,5,-6.91463324007844,4.0,10,1,4,1,1,5,6,55.0,2,2,14,124,29.0,27.0,21.0,4.0
2025,3,TEN,IND,REG,23,38,219,1,1,4,11,-12.524410886228843,23,86,1,0,8,1.3147960329661146,0.0,2,0,3,0,0,2,4,57.0,2,2,8,68,20.0,41.0,23.0,7.0
2025,3,WAS,LV,REG,15,21,207,1,0,1,7,10.782450092576104,32,201,3,1,8,4.011520361507493,5.0,9,0,4,0,0,2,3,56.0,5,5,7,54,41.0,24.0,0.0,0.0
2025,4,ARI,SEA,REG,27,41,200,2,2,6,13,-3.3043997842296657,17,89,0,0,2,-1.8990376775618643,3.0,3,0,2,2,0,2,2,57.0,2,2,7,46,20.0,23.0,21.0,4.0
2025,4,ATL,WAS,REG,20,26,313,2,1,1,14,18.287676299231038,37,128,2,0,9,-3.5752406536119787,2.0,6,1,3,2,0,2,2,38.0,4,4,5,45,34.0,27.0,28.5,6.0
2025,4,BAL,KC,REG,23,33,199,1,1,3,10,-11.06896400887453,17,166,1,0,7,7.755338996881619,1.0,3,0,2,0,0,2,2,43.0,2,2,6,56,20.0,37.0,21.0,4.0
2025,4,BUF,NO,REG,16,22,209,2,1,3,10,4.917184796040829,32,165,2,0,10,3.6261143612209707,3.0,4,1,2,1,0,1,1,35.0,4,4,11,55,31.0,19.0,21.0,6.0
2025,4,CAR,NE,REG,23,36,208,2,0,1,11,0.9773629099533577,28,129,0,0,8,-2.5594697374035604,1.0,1,0,2,0,0,0,1,,1,2,5,29,13.0,42.0,13.5,2.0
2025,4,CHI,LV,REG,22,37,212,1,1,1,10,-1.120958017301945,26,69,1,0,7,-6.595607306687244,0.0,1,3,4,1,0,4,4,52.0,1,1,8,60,25.0,24.0,18.5,5.0
2025,4,CIN,DEN,REG,14,25,125,0,0,3,3,-10.354677599800777,15,53,0,0,3,-0.4126466710004024,0.0,1,1,2,0,0,1,1,26.0,0,0,11,65,3.0,28.0,18.0,5.0
2025,4,CLE,DET,REG,16,35,184,0,2,3,8,-21.16030394306809,27,79,1,0,7,-2.0744296844350174,0.0,5,1,1,0,0,1,2,33.0,1,1,6,44,10.0,34.0,21.5,6.0
2025,4,DAL,GB,REG,31,40,319,3,0,1,17,22.430883390743485,26,117,2,0,8,1.5595123074017465,1.0,4,0,1,1,0,1,1,22.0,5,5,11,95,40.0,40.0,15.0,4.0
2025,4,DEN,CIN,REG,29,42,326,2,1,0,17,13.279796198068652,38,186,2,0,13,3.948846878425684,3.0,6,0,2,0,0,0,0,,4,4,7,72,28.0,3.0,3.5,1.0
2025,4,DET,CLE,REG,16,27,168,2,1,0,8,-1.0221093465403952,29,109,1,0,6,-5.879154023510637,3.0,9,2,10,1,0,2,2,58.0,4,4,6,35,34.0,10.0,15.0,4.0
2025,4,GB,DAL,REG,31,43,337,3,0,1,16,21.450974295086887,35,164,2,0,12,5.172739584289957,1.0,4,0,4,0,0,2,2,53.0,4,5,7,53,40.0,40.0,15.0,4.0
2025,4,HOU,TEN,REG,22,28,233,2,0,2,9,8.211450432493871,35,129,1,0,10,1.6865984231252993,2.0,7,1,7,0,0,2,3,47.0,2,2,6,50,26.0,0.0,3.5,1.0
2025,4,IND,LA,REG,24,33,262,1,2,2,12,4.143268179661794,21,85,1,0,5,-1.488443431680011,3.0,9,0,4,1,0,2,2,52.0,2,2,11,88,20.0,27.0,11.5,3.0
2025,4,JAX,SF,REG,21,31,174,1,0,0,8,5.532238849337628,32,151,1,0,9,-2.40596433787141,1.0,3,2,4,3,0,2,3,44.0,2,2,12,90,26.0,21.0,13.5,4.0
2025,4,KC,BAL,REG,25,37,270,4,0,1,15,16.188958369112918,32,118,0,0,9,-0.5078700087615289,2.0,8,1,4,0,0,3,4,38.0,4,4,5,40,37.0,20.0,3.5,1.0
2025,4,LA,IND,REG,29,41,375,3,0,3,15,14.293764206603946,26,102,0,1,7,-11.335954757748333,2.0,7,2,5,1,0,2,2,42.0,3,3,7,63,27.0,20.0,0.0,0.0
2025,4,LAC,NYG,REG,23,41,203,1,2,2,8,-21.121796523494552,13,152,1,0,6,11.601862993135118,6.0,9,0,2,1,0,1,1,43.0,1,1,14,107,18.0,21.0,15.0,4.0
2025,4,LV,CHI,REG,14,21,117,2,3,0,6,-9.613629262534428,31,240,1,1,11,-0.3816133368853216,1.0,2,1,6,1,0,1,2,29.0,3,3,5,36,24.0,25.0,21.5,6.0
2025,4,MIA,NYJ,REG,17,25,177,2,0,0,12,10.377943898333484,31,123,1,0,7,-3.115480173886817,2.0,3,0,3,3,0,2,2,47.0,3,3,6,40,27.0,21.0,10.5,3.0
2025,4,MIN,PIT,REG,30,46,350,2,2,6,15,3.174312226501787,20,70,0,0,6,-0.059435999690322205,2.0,3,0,0,1,0,2,2,41.0,1,1,8,82,21.0,24.0,17.5,3.0
2025,4,NE,CAR,REG,14,18,203,2,0,1,8,18.421003764757188,29,104,3,0,8,-0.7788089113601018,1.0,4,0,2,1,0,0,0,,6,6,7,54,42.0,13.0,14.0,4.0
2025,4,NO,BUF,REG,18,28,126,1,1,3,7,-12.005072384404574,34,189,1,0,14,5.827199369932088,3.0,7,1,4,0,0,2,2,54.0,1,1,4,41,19.0,31.0,21.5,6.0
2025,4,NYG,LAC,REG,14,21,119,1,0,6,6,-6.70552748370217,42,161,1,0,12,-3.4659305497743227,2.0,12,2,7,0,0,2,2,31.0,1,1,8,43,21.0,18.0,25.0,7.0
2025,4,NYJ,MIA,REG,20,27,226,1,0,2,12,5.608728678049778,28,197,1,1,9,3.6039133949526585,0.0,0,0,3,1,0,2,2,58.0,1,1,13,101,21.0,27.0,28.0,6.0
2025,4,PHI,TB,REG,15,24,130,2,0,2,10,-1.2928640485042706,32,88,1,0,6,-2.992559434971749,2.0,1,1,13,2,0,1,1,39.0,4,4,8,83,31.0,25.0,17.5,5.0
2025,4,PIT,MIN,REG,18,22,200,1,0,2,6,3.799732759834968,29,131,2,0,11,4.948146642709617,6.0,14,2,8,2,0,1,2,33.0,3,3,5,35,24.0,21.0,17.0,3.0
2025,4,SEA,ARI,REG,18,26,242,1,0,3,11,9.92136531109626,35,155,1,0,8,-6.383653187288553,6.0,7,2,8,0,0,3,4,52.0,2,2,6,74,23.0,20.0,18.0,5.0
2025,4,SF,JAX,REG,22,38,309,2,2,1,17,3.371967635811135,24,83,0,0,3,-2.6413358681020327,0.0,0,0,2,1,0,2,2,26.0,1,1,5,54,21.0,26.0,28.5,6.0
2025,4,TB,PHI,REG,22,40,289,2,1,2,7,-5.439326392272233,26,104,0,1,5,-4.505528443027288,2.0,3,0,5,1,0,3,3,65.0,2,2,5,40,25.0,31.0,21.0,4.0
2025,4,TEN,HOU,REG,10,26,108,0,1,2,5,-16.60359526718991,18,82,0,0,3,1.1587332143382625,2.0,5,0,1,0,0,0,2,,0,0,4,35,0.0,26.0,23.0,7.0
2025,4,WAS,ATL,REG,16,27,156,2,1,2,9,-0.046404255224956836,22,147,0,0,7,4.784208872006275,1.0,2,1,1,2,0,4,4,52.0,1,1,6,50,27.0,34.0,0.0,0.0
2025,5,ARI,TEN,REG,23,32,220,0,0,3,8,1.1999048311263323,29,168,3,2,10,-5.952887479506899,2.0,4,1,8,1,0,0,0,,3,3,8,47,21.0,22.0,21.0,4.0
2025,5,BAL,HOU,REG,14,20,179,0,3,1,7,-7.8949564919229065,19,44,1,0,4,-5.534755662432872,2.0,4,0,0,0,0,1,2,27.0,1,1,9,49,10.0,44.0,21.0,4.0
2025,5,BUF,NE,REG,22,31,253,2,1,1,16,10.645898245595461,29,118,0,1,6,-3.9830778628238477,4.0,8,0,1,2,0,2,2,45.0,2,2,11,90,20.0,23.0,21.0,6.0
2025,5,CAR,MIA,REG,19,30,198,2,1,3,12,-1.3048395836655962,32,239,1,0,8,10.933818381774472,3.0,3,0,1,0,0,2,2,49.0,3,3,8,46,27.0,24.0,13.5,2.0
2025,5,CIN,DET,REG,26,40,251,3,3,2,12,-8.766111446794405,16,85,0,0,4,1.802048583922442,4.0,7,0,1,1,0,1,1,50.0,3,3,6,30,24.0,37.0,18.0,5.0
2025,5,CLE,MIN,REG,19,33,190,2,0,2,9,-2.2798502849765976,32,140,0,0,9,1.4644650935661048,3.0,3,0,3,2,0,1,1,31.0,2,2,10,78,17.0,21.0,21.5,6.0
2025,5,DAL,NYJ,REG,18,29,237,4,0,1,12,11.848729786221256,29,180,1,0,9,6.831910461449297,5.0,14,0,3,1,0,1,1,35.0,4,5,11,91,37.0,22.0,15.0,4.0
2025,5,DEN,PHI,REG,24,39,242,1,0,2,12,4.242067022660045,29,130,1,0,8,0.8363362583040725,6.0,8,0,9,0,0,2,2,55.0,1,1,12,121,21.0,17.0,3.5,1.0
2025,5,DET,CIN,REG,20,24,261,4,0,4,15,13.01289663463831,33,118,1,0,7,-3.777595158026088,2.0,9,3,11,2,0,0,0,,5,5,8,56,37.0,24.0,15.0,4.0
2025,5,HOU,BAL,REG,25,31,267,4,0,2,15,18.976819263320994,33,167,1,0,8,3.0716267556887153,1.0,2,3,4,0,0,3,3,57.0,5,5,4,26,44.0,10.0,3.5,1.0
2025,5,IND,LV,REG,21,32,221,2,0,0,12,10.682596398386872,25,96,4,0,10,6.2042357967149,4.0,5,2,8,0,0,0,0,,2,2,9,77,40.0,6.0,11.5,3.0
2025,5,JAX,KC,REG,18,25,221,1,1,3,8,-0.7439143976450786,26,109,2,1,10,2.271797684923513,0.0,4,1,6,0,1,1,1,52.0,4,4,4,25,31.0,28.0,13.5,4.0
2025,5,KC,JAX,REG,29,41,318,1,1,0,15,2.664317194139585,22,158,3,0,13,9.242397008405533,3.0,8,1,5,1,0,0,0,,4,4,13,109,28.0,31.0,3.5,1.0
2025,5,LA,SF,REG,30,47,389,3,0,1,18,15.072453184221198,16,78,0,2,6,-10.659328916692175,1.0,10,0,5,0,0,1,2,48.0,2,3,5,36,23.0,26.0,0.0,0.0
2025,5,LAC,WAS,REG,25,33,210,1,1,5,11,-7.5453580910951095,27,155,0,0,6,4.38978646293981,1.0,1,0,2,1,0,1,1,55.0,1,1,10,85,10.0,27.0,15.0,4.0
2025,5,LV,IND,REG,25,36,228,0,2,4,12,-10.903446787652872,25,106,0,0,6,-2.9291376379551366,0.0,3,0,3,0,0,2,3,37.0,0,0,6,65,6.0,40.0,21.5,6.0
2025,5,MIA,CAR,REG,27,36,256,3,0,3,13,11.485191292514582,14,19,0,0,2,-6.435699418361764,3.0,8,1,2,1,0,1,1,43.0,3,3,9,64,24.0,27.0,10.5,3.0
2025,5,MIN,CLE,REG,26,35,268,2,0,3,14,11.959720982628124,23,97,1,2,5,-9.770947939308826,2.0,3,0,5,0,0,0,1,,3,3,7,50,21.0,17.0,17.5,3.0
2025,5,NE,BUF,REG,22,30,273,0,0,4,13,9.731839577931728,22,71,2,0,5,-0.910297991533298,1.0,5,1,3,1,0,3,3,52.0,2,2,8,93,23.0,20.0,14.0,4.0
2025,5,NO,NYG,REG,22,32,244,1,0,0,10,9.309715548185872,30,88,0,0,5,-6.356846121515371,0.0,5,2,7,2,0,4,6,53.0,2,2,7,43,26.0,14.0,21.5,6.0
2025,5,NYG,NO,REG,26,40,202,2,2,1,10,-12.648555137915537,29,136,0,1,11,-1.9155143193202093,0.0,1,0,3,0,0,0,0,,2,2,8,95,14.0,26.0,25.0,7.0
2025,5,NYJ,DAL,REG,32,46,283,2,0,5,14,3.908267046055964,22,144,0,1,9,-3.494672117754817,1.0,3,0,4,0,0,2,2,48.0,0,0,10,61,22.0,37.0,28.0,6.0
2025,5,PHI,DEN,REG,23,38,280,2,0,6,11,0.5049775303469999,11,45,0,0,2,-0.3342715204344131,2.0,8,0,2,0,0,1,1,31.0,2,2,9,55,17.0,21.0,17.5,5.0
2025,5,SEA,TB,REG,28,34,341,4,1,0,18,23.413120006202856,20,122,1,1,7,-1.5084197649848647,1.0,2,0,2,0,0,0,1,,5,5,7,56,35.0,38.0,18.0,5.0
2025,5,SF,LA,REG,33,49,342,2,0,1,19,14.00177889080927,33,74,0,0,6,-3.7546213712597183,1.0,2,0,4,1,0,4,4,59.0,2,2,8,44,26.0,23.0,28.5,6.0
2025,5,TB,SEA,REG,29,33,379,2,0,1,17,25.9806902520554,24,56,2,0,6,-3.0906922598586846,0.0,2,1,6,0,0,3,3,39.0,3,3,4,37,38.0,35.0,21.0,4.0
2025,5,TEN,ARI,REG,21,39,265,0,1,2,12,1.597718604147161,24,78,1,1,6,-6.611232318535867,3.0,6,0,2,0,0,3,3,51.0,1,2,6,35,22.0,21.0,23.0,7.0
2025,5,WAS,LAC,REG,15,26,231,1,0,1,9,14.006386082944797,28,163,2,1,9,0.00040329492185264826,5.0,9,1,4,1,0,2,2,36.0,3,3,7,48,27.0,10.0,0.0,0.0
2025,6,ARI,IND,REG,27,44,320,2,1,2,17,6.258094309852431,24,88,1,0,8,0.033021019626175985,1.0,6,1,4,0,0,2,2,44.0,3,3,7,65,27.0,31.0,21.0,4.0
2025,6,ATL,BUF,REG,20,32,250,1,0,2,10,-0.41926983085160874,32,210,2,0,9,4.761006107598703,4.0,6,2,9,1,0,1,2,33.0,3,3,6,35,24.0,14.0,28.5,6.0
2025,6,BAL,LA,REG,21,34,140,0,1,4,6,-12.359193464065335,37,179,0,1,13,-6.104339907411486,2.0,3,0,2,1,0,1,1,37.0,0,0,7,80,3.0,17.0,21.0,4.0
2025,6,BUF,ATL,REG,15,26,180,2,2,4,8,-7.167852376616793,24,134,0,0,8,0.7480864946264774,2.0,4,0,5,0,0,0,0,,2,2,8,64,14.0,24.0,21.0,6.0
2025,6,CAR,DAL,REG,17,25,199,3,1,1,11,2.201376390146385,38,216,0,0,14,6.73148625281668,0.0,2,0,4,0,0,3,3,55.0,3,3,6,57,30.0,27.0,13.5,2.0
2025,6,CHI,WAS,REG,17,29,252,1,0,3,10,3.275814118387534,27,145,1,0,8,5.895976407468235,3.0,3,1,3,1,0,4,5,48.0,1,1,9,84,25.0,24.0,18.5,5.0
2025,6,CIN,GB,REG,29,45,219,2,0,1,12,6.496397113490076,16,55,0,0,5,-0.8384554347139783,1.0,4,1,6,0,0,1,3,45.0,1,1,3,17,18.0,27.0,18.0,5.0
2025,6,CLE,PIT,REG,29,52,221,0,0,6,10,-13.877616212263888,17,65,0,0,7,-0.024536368378903717,0.0,3,0,3,1,0,3,3,53.0,0,0,6,44,9.0,23.0,21.5,6.0
2025,6,DAL,CAR,REG,25,34,261,3,0,0,12,17.745348571297626,19,31,0,0,2,-8.40553474839544,1.0,5,1,1,2,0,2,2,28.0,3,3,6,37,27.0,30.0,15.0,4.0
2025,6,DEN,NYJ,REG,19,30,174,1,0,1,9,5.107167024033728,26,78,0,0,3,-6.4910536024253815,9.0,15,0,4,0,0,2,2,57.0,1,1,6,37,13.0,11.0,3.5,1.0
2025,6,DET,KC,REG,23,29,203,2,0,1,14,6.713151381118223,23,98,0,0,5,-0.7599178904783912,3.0,3,0,1,1,0,1,1,28.0,2,2,4,38,17.0,30.0,15.0,4.0
2025,6,GB,CIN,REG,19,26,259,1,1,1,11,7.356112143495093,33,153,2,0,12,4.917651760663981,1.0,5,0,3,0,0,2,2,43.0,3,3,5,40,27.0,18.0,15.0,4.0
2025,6,IND,ARI,REG,22,30,212,2,1,1,13,2.8482230268754942,27,150,2,0,11,5.5138952072302345,2.0,12,1,3,0,0,1,1,45.0,4,4,5,40,31.0,27.0,11.5,3.0
2025,6,JAX,SEA,REG,27,42,258,2,0,7,13,-0.38684652255145546,19,59,0,0,3,-1.0987259491956793,1.0,4,0,3,0,0,0,1,,0,1,10,76,12.0,20.0,13.5,4.0
2025,6,KC,DET,REG,22,30,257,3,0,3,16,15.57258388680734,29,112,1,0,8,-1.6851618335931562,1.0,4,0,0,1,0,1,1,33.0,3,4,0,0,30.0,17.0,3.5,1.0
2025,6,LA,BAL,REG,17,26,181,1,0,2,10,0.9594451738590664,23,74,1,0,5,-3.9353478991542943,4.0,11,1,4,2,0,1,2,36.0,2,2,6,40,17.0,3.0,0.0,0.0
2025,6,LAC,MIA,REG,29,38,264,2,0,1,12,12.641889955414864,25,140,0,0,7,-0.280884458631665,2.0,4,3,5,0,0,5,5,35.0,2,2,7,45,29.0,27.0,15.0,4.0
2025,6,LV,TEN,REG,17,23,174,1,1,2,9,0.5693263779394329,32,68,1,0,4,-12.312568710836507,5.0,8,1,2,1,0,2,2,50.0,2,2,6,27,20.0,10.0,21.5,6.0
2025,6,MIA,LAC,REG,22,33,213,1,3,2,10,-0.6257534058939094,21,137,2,0,7,5.722234074550215,1.0,7,0,2,2,0,2,3,47.0,3,3,4,45,27.0,29.0,10.5,3.0
2025,6,NE,NO,REG,18,26,261,3,0,1,12,17.406637246674592,31,73,0,0,6,-10.04510771094635,2.0,4,0,5,1,0,1,1,24.0,2,2,11,65,25.0,19.0,14.0,4.0
2025,6,NO,NE,REG,20,26,227,0,0,2,7,3.9048227529301185,23,73,1,0,7,-0.6530956160859205,1.0,4,0,2,1,0,4,4,54.0,1,1,8,67,19.0,25.0,21.5,6.0
2025,6,NYG,PHI,REG,17,26,195,1,0,2,8,5.7703542148228735,39,172,4,0,14,7.111756450438406,3.0,3,1,4,1,0,0,0,,4,5,6,55,34.0,17.0,25.0,7.0
2025,6,NYJ,DEN,REG,9,17,45,0,0,9,2,-20.7214580506014,31,92,0,0,7,-3.2562456138458105,1.0,3,0,2,2,0,3,3,52.0,0,0,2,15,11.0,13.0,28.0,6.0
2025,6,PHI,NYG,REG,24,33,283,1,1,3,14,2.1615822567789524,20,73,1,0,5,-2.4201052308490034,2.0,3,0,4,0,0,1,1,42.0,2,2,4,46,17.0,34.0,17.5,5.0
2025,6,PIT,CLE,REG,21,30,235,2,0,0,11,9.599199736872942,28,100,0,0,7,-2.440723583976448,6.0,17,0,8,0,0,3,4,50.0,2,2,10,59,23.0,9.0,17.0,3.0
2025,6,SEA,JAX,REG,16,27,295,2,0,1,10,10.52449972709388,26,60,0,0,2,-13.150013602185885,7.0,17,0,2,0,0,2,2,53.0,2,2,7,56,20.0,12.0,18.0,5.0
2025,6,SF,TB,REG,27,39,347,0,2,6,10,-4.42705243935853,22,67,1,0,7,-1.2894251411780715,1.0,1,0,2,0,0,4,4,54.0,1,1,9,65,19.0,30.0,28.5,6.0
2025,6,TB,SF,REG,17,23,256,2,0,1,9,12.067489617715157,26,104,2,0,10,1.0234146490548737,6.0,10,2,5,1,0,1,2,45.0,3,3,5,31,30.0,19.0,21.0,4.0
2025,6,TEN,LV,REG,26,38,222,1,1,6,11,-14.68072225380456,15,65,0,0,3,-3.206434338061692,2.0,7,1,4,0,0,1,1,46.0,1,1,7,34,10.0,20.0,23.0,7.0
2025,6,WAS,CHI,REG,19,26,211,3,1,3,11,6.435357536926994,31,124,0,2,8,-10.193474855914246,3.0,5,0,5,0,0,1,2,53.0,3,3,5,40,24.0,25.0,0.0,0.0
2025,7,ARI,GB,REG,25,36,279,2,0,6,13,1.0358332606710152,28,94,0,0,5,-4.690612517471891,1.0,2,0,3,1,0,3,3,40.0,2,2,6,55,23.0,27.0,21.0,4.0
2025,7,ATL,SF,REG,21,38,241,1,0,2,13,-6.737357140441047,20,62,0,0,3,-0.11120319267502055,1.0,4,1,2,0,0,1,1,38.0,1,1,6,43,10.0,20.0,28.5,6.0
2025,7,CAR,NYJ,REG,19,32,198,1,0,2,10,-2.606155805413017,36,125,0,0,7,-4.531804146710783,6.0,11,2,9,0,0,2,2,30.0,1,1,6,45,13.0,6.0,13.5,2.0
2025,7,CHI,NO,REG,15,26,172,0,1,1,10,2.149814817582892,40,222,2,0,15,0.5681171632757938,4.0,7,3,9,1,0,4,4,39.0,2,2,10,92,26.0,14.0,18.5,5.0
2025,7,CIN,PIT,REG,31,47,342,3,0,2,16,15.144058558264483,23,142,0,0,8,5.462086787905845,0.0,2,2,6,0,0,4,4,49.0,3,3,4,35,33.0,31.0,18.0,5.0
2025,7,CLE,MIA,REG,13,18,116,0,0,2,6,0.8498010866597445,33,104,3,0,5,-7.062179934291635,4.0,6,3,6,2,1,1,1,30.0,4,4,5,37,31.0,6.0,21.5,6.0
2025,7,DAL,WAS,REG,21,30,264,3,0,1,11,7.193154708318104,31,152,1,0,10,-1.3028992045728955,4.0,6,1,5,1,1,3,3,61.0,5,5,10,79,44.0,22.0,15.0,4.0
2025,7,DEN,NYG,REG,27,50,279,2,0,2,15,-1.4068489084650624,24,142,2,0,9,8.40782054932788,4.0,10,1,8,0,0,1,1,39.0,2,2,12,127,33.0,32.0,3.5,1.0
2025,7,DET,TB,REG,20,29,241,1,1,4,9,-8.635040956975383,32,164,2,0,7,0.8147686071461067,4.0,8,1,12,2,0,1,2,58.0,3,3,6,50,24.0,9.0,15.0,4.0
2025,7,GB,ARI,REG,19,29,179,1,0,1,10,6.063561517960258,23,94,2,0,5,0.05295753350947052,6.0,12,0,4,1,0,2,2,61.0,3,3,10,94,27.0,23.0,15.0,4.0
2025,7,HOU,SEA,REG,23,49,229,1,1,3,13,-13.52440370475038,17,56,0,0,1,-8.1790441799385,2.0,5,2,5,2,0,2,2,46.0,1,1,10,105,19.0,27.0,3.5,1.0
2025,7,IND,LAC,REG,23,34,288,2,0,1,14,14.861354353612416,23,120,3,0,10,7.140562940854579,3.0,15,2,6,0,0,1,1,36.0,3,4,3,42,38.0,24.0,11.5,3.0
2025,7,JAX,LA,REG,23,48,296,1,0,7,14,-13.934148005980758,19,94,0,0,6,2.081177057872992,0.0,4,0,4,0,0,0,1,,1,1,13,119,7.0,35.0,13.5,4.0
2025,7,KC,LV,REG,26,35,286,3,0,1,16,19.33951696060377,41,152,1,0,12,-2.7794445161125623,1.0,2,0,1,0,0,1,1,38.0,4,4,5,38,31.0,0.0,3.5,1.0
2025,7,LA,JAX,REG,21,33,182,5,0,0,14,8.782921106321737,29,89,0,0,4,-1.7697820933535695,7.0,11,0,10,1,0,0,0,,5,5,5,45,35.0,7.0,0.0,0.0
2025,7,LAC,IND,REG,37,55,420,3,2,3,19,5.819126800481275,16,54,0,0,4,0.6523442440084182,1.0,5,0,4,0,0,1,1,43.0,3,3,6,35,24.0,38.0,15.0,4.0
2025,7,LV,KC,REG,12,18,75,0,0,1,2,-10.463286587735638,11,25,0,1,2,-9.597803617914906,1.0,3,0,2,1,0,0,0,,0,0,8,58,0.0,31.0,21.5,6.0
2025,7,MIA,CLE,REG,17,31,153,0,3,4,7,-26.529127711095036,22,99,0,0,6,-5.295548660927492,2.0,3,0,2,0,0,2,2,33.0,0,0,11,103,6.0,31.0,10.5,3.0
2025,7,MIN,PHI,REG,26,42,313,0,2,2,13,-2.276972435588654,23,89,1,0,10,-3.6808791368397786,3.0,4,0,1,0,0,5,5,59.0,1,1,3,30,22.0,28.0,17.5,3.0
2025,7,NE,TEN,REG,22,24,234,2,0,4,13,11.522871309763435,36,175,1,0,9,3.28669796284521,4.0,5,1,2,0,0,1,1,36.0,4,4,5,36,31.0,13.0,14.0,4.0
2025,7,NO,CHI,REG,20,32,233,2,3,4,9,-12.238946060688937,17,44,0,0,3,-3.4923759896773845,1.0,5,1,5,0,0,0,1,,2,2,5,30,14.0,26.0,21.5,6.0
2025,7,NYG,DEN,REG,15,33,283,3,1,4,12,8.377084178893828,32,119,2,0,7,0.21420120215043426,2.0,5,0,8,0,0,0,0,,2,4,8,36,32.0,33.0,25.0,7.0
2025,7,NYJ,CAR,REG,16,34,172,0,2,6,8,-13.49936588228681,20,81,0,0,4,-1.8465962274007577,2.0,7,0,7,0,0,2,2,47.0,0,0,5,26,6.0,13.0,28.0,6.0
2025,7,PHI,MIN,REG,19,23,326,3,0,3,9,18.93541818659287,23,45,0,0,5,-7.213598003944254,2.0,8,2,3,0,1,0,1,,4,4,8,64,28.0,22.0,17.5,5.0
2025,7,PIT,CIN,REG,23,34,249,4,2,0,12,13.311911904311273,20,147,0,0,7,6.391976104408968,2.0,6,0,6,0,0,1,1,41.0,4,4,7,59,31.0,33.0,17.0,3.0
2025,7,SEA,HOU,REG,17,32,213,1,2,2,9,-10.983927926970681,33,118,2,0,7,-1.1994721797578576,3.0,7,1,12,0,0,2,3,47.0,3,3,12,93,27.0,19.0,18.0,5.0
2025,7,SF,ATL,REG,17,26,152,0,1,1,10,1.968226376034634,39,174,2,0,12,-1.7518074903346132,2.0,5,0,2,1,0,2,2,55.0,2,2,3,25,20.0,10.0,28.5,6.0
2025,7,TB,DET,REG,28,50,228,1,1,4,11,-25.048290733687832,12,41,0,0,2,1.5655925021274015,4.0,9,1,2,1,0,1,1,53.0,0,0,6,35,9.0,24.0,21.0,4.0
2025,7,TEN,NE,REG,25,34,255,1,1,5,14,-11.742684764254212,12,39,0,0,1,-2.7508370465948246,4.0,4,0,0,0,0,2,2,50.0,1,1,3,15,13.0,31.0,23.0,7.0
2025,7,WAS,DAL,REG,16,32,219,1,1,4,8,-19.954931111249607,28,136,2,0,8,5.790993408285547,1.0,5,0,7,0,0,0,0,,2,2,11,118,22.0,44.0,0.0,0.0
